-- MySQL dump 10.13  Distrib 8.0.41, for Win64 (x86_64)
--
-- Host: localhost    Database: graduation_project
-- ------------------------------------------------------
-- Server version	8.0.41

/*!40101 SET @OLD_CHARACTER_SET_CLIENT=@@CHARACTER_SET_CLIENT */;
/*!40101 SET @OLD_CHARACTER_SET_RESULTS=@@CHARACTER_SET_RESULTS */;
/*!40101 SET @OLD_COLLATION_CONNECTION=@@COLLATION_CONNECTION */;
/*!50503 SET NAMES utf8 */;
/*!40103 SET @OLD_TIME_ZONE=@@TIME_ZONE */;
/*!40103 SET TIME_ZONE='+00:00' */;
/*!40014 SET @OLD_UNIQUE_CHECKS=@@UNIQUE_CHECKS, UNIQUE_CHECKS=0 */;
/*!40014 SET @OLD_FOREIGN_KEY_CHECKS=@@FOREIGN_KEY_CHECKS, FOREIGN_KEY_CHECKS=0 */;
/*!40101 SET @OLD_SQL_MODE=@@SQL_MODE, SQL_MODE='NO_AUTO_VALUE_ON_ZERO' */;
/*!40111 SET @OLD_SQL_NOTES=@@SQL_NOTES, SQL_NOTES=0 */;

--
-- Table structure for table `job`
--

DROP TABLE IF EXISTS `job`;
/*!40101 SET @saved_cs_client     = @@character_set_client */;
/*!50503 SET character_set_client = utf8mb4 */;
CREATE TABLE `job` (
  `job_id` varchar(10) NOT NULL,
  `job_name` varchar(100) NOT NULL,
  PRIMARY KEY (`job_id`)
) ENGINE=InnoDB DEFAULT CHARSET=utf8mb4 COLLATE=utf8mb4_0900_ai_ci;
/*!40101 SET character_set_client = @saved_cs_client */;

--
-- Dumping data for table `job`
--

LOCK TABLES `job` WRITE;
/*!40000 ALTER TABLE `job` DISABLE KEYS */;
INSERT INTO `job` VALUES ('JOB001','백엔드 개발자(웹사이트)'),('JOB002','프론트엔드 개발자(웹사이트)'),('JOB003','게임 개발자'),('JOB004','임베디드 개발자'),('JOB005','정보보안 전문가'),('JOB006','네트워크 및 시스템 엔지니어'),('JOB007','데이터 엔지니어'),('JOB008','데이터 분석가'),('JOB009','AI 엔지니어'),('JOB010','데이터 사이언티스트'),('JOB011','클라우드 엔지니어'),('JOB012','앱개발자'),('JOB013','UI/UX 디자이너');
/*!40000 ALTER TABLE `job` ENABLE KEYS */;
UNLOCK TABLES;

--
-- Table structure for table `job_subject_mapping`
--

DROP TABLE IF EXISTS `job_subject_mapping`;
/*!40101 SET @saved_cs_client     = @@character_set_client */;
/*!50503 SET character_set_client = utf8mb4 */;
CREATE TABLE `job_subject_mapping` (
  `job_id` varchar(10) NOT NULL,
  `subject_id` varchar(10) NOT NULL,
  `department` varchar(100) NOT NULL,
  `semester_id` int DEFAULT NULL,
  `grade` int DEFAULT NULL,
  PRIMARY KEY (`job_id`,`subject_id`,`department`),
  KEY `subject_id` (`subject_id`,`department`),
  KEY `semester_id` (`semester_id`),
  CONSTRAINT `job_subject_mapping_ibfk_1` FOREIGN KEY (`job_id`) REFERENCES `job` (`job_id`),
  CONSTRAINT `job_subject_mapping_ibfk_2` FOREIGN KEY (`subject_id`, `department`) REFERENCES `subject` (`subject_id`, `department`),
  CONSTRAINT `job_subject_mapping_ibfk_3` FOREIGN KEY (`semester_id`) REFERENCES `semester` (`semester_id`)
) ENGINE=InnoDB DEFAULT CHARSET=utf8mb4 COLLATE=utf8mb4_0900_ai_ci;
/*!40101 SET character_set_client = @saved_cs_client */;

--
-- Dumping data for table `job_subject_mapping`
--

LOCK TABLES `job_subject_mapping` WRITE;
/*!40000 ALTER TABLE `job_subject_mapping` DISABLE KEYS */;
INSERT INTO `job_subject_mapping` VALUES ('JOB001','10470','정보통신학과',1,3),('JOB001','10486','정보통신학과',1,3),('JOB001','10487','정보보안',2,4),('JOB001','10495','정보보안',2,3),('JOB001','10614','컴퓨터SW',2,3),('JOB001','10616','컴퓨터SW',1,4),('JOB001','10617','미디어SW',2,4),('JOB001','10638','정보보안',1,2),('JOB001','10639','정보보안',1,2),('JOB001','10643','정보보안',2,3),('JOB001','10645','정보보안',2,3),('JOB001','10990','데이터과학부',2,3),('JOB001','11398','정보보안',2,2),('JOB001','11437','정보보안',2,4),('JOB001','1760','정보통신학부',1,2),('JOB001','1762','미디어SW',1,3),('JOB001','1762','정보보안',2,2),('JOB001','1762','컴퓨터SW',2,3),('JOB001','191','미디어SW',1,2),('JOB001','191','컴퓨터SW',1,3),('JOB001','3098','미디어SW',2,2),('JOB001','3098','컴퓨터SW',2,2),('JOB001','3650','미디어SW',1,4),('JOB001','3650','컴퓨터SW',1,3),('JOB001','4115','컴퓨터SW',2,3),('JOB001','4663','정보통신',2,3),('JOB001','6522','컴퓨터SW',1,4),('JOB001','6532','컴퓨터SW',2,4),('JOB001','6533','정보보안',2,2),('JOB001','6533','정보통신',2,2),('JOB001','6993','컴퓨터SW',1,3),('JOB001','6994','미디어SW',1,2),('JOB001','7892','미디어SW',1,3),('JOB001','7892','정보통신',2,4),('JOB001','7892','정보통신학부',1,4),('JOB001','8371','정보보안',2,3),('JOB001','8683','컴퓨터SW',2,2),('JOB001','8872','컴퓨터SW',1,4),('JOB001','8884','정보통신학부',1,4),('JOB001','8886','정보통신',2,4),('JOB001','8893','미디어SW',1,2),('JOB001','8893','정보보안',2,3),('JOB001','8894','미디어SW',2,2),('JOB001','8898','미디어SW',2,3),('JOB001','9635','정보보안',2,2),('JOB001','9639','정보보안',2,2),('JOB001','9642','정보보안',2,4),('JOB001','9657','컴퓨터SW',1,2),('JOB002','10614','컴퓨터SW',2,3),('JOB002','10616','컴퓨터SW',1,4),('JOB002','10617','미디어SW',2,4),('JOB002','2239','미디어SW',1,2),('JOB002','3098','미디어SW',2,2),('JOB002','3650','미디어SW',1,4),('JOB002','3650','컴퓨터SW',1,3),('JOB002','4115','컴퓨터SW',2,3),('JOB002','4686','미디어SW',1,2),('JOB002','6532','컴퓨터SW',2,4),('JOB002','6994','미디어SW',1,2),('JOB002','7892','미디어SW',1,3),('JOB002','7892','정보통신',2,4),('JOB002','7892','정보통신학부',1,4),('JOB002','8389','미디어SW',2,3),('JOB002','8866','컴퓨터SW',2,4),('JOB002','8886','정보통신',2,4),('JOB002','8893','미디어SW',1,2),('JOB002','8893','정보보안',2,3),('JOB002','8894','미디어SW',2,2),('JOB002','8898','미디어SW',2,3),('JOB002','9639','정보보안',2,2),('JOB003','10577','정보보안',2,4),('JOB003','10614','컴퓨터SW',2,3),('JOB003','10616','컴퓨터SW',1,4),('JOB003','10617','미디어SW',2,4),('JOB003','10638','정보보안',1,2),('JOB003','10970','데이터과학부',1,3),('JOB003','10971','데이터과학부',2,3),('JOB003','11402','미디어SW',2,4),('JOB003','1760','정보통신학부',1,2),('JOB003','2049','정보통신',2,2),('JOB003','2239','미디어SW',1,2),('JOB003','3098','미디어SW',2,2),('JOB003','3098','컴퓨터SW',2,2),('JOB003','4115','컴퓨터SW',2,3),('JOB003','4895','데이터과학부',1,2),('JOB003','6522','컴퓨터SW',1,4),('JOB003','6532','컴퓨터SW',2,4),('JOB003','6544','미디어SW',1,2),('JOB003','6993','컴퓨터SW',1,3),('JOB003','6994','미디어SW',1,2),('JOB003','7590','데이터과학부',2,2),('JOB003','8389','미디어SW',2,3),('JOB003','8866','컴퓨터SW',2,4),('JOB003','8886','정보통신',2,4),('JOB003','8893','미디어SW',1,2),('JOB003','8893','정보보안',2,3),('JOB003','8894','미디어SW',2,2),('JOB003','9040','컴퓨터SW',1,2),('JOB003','9639','정보보안',2,2),('JOB004','10470','정보통신학과',1,3),('JOB004','10487','정보보안',2,4),('JOB004','10488','정보통신학부',1,4),('JOB004','10495','정보보안',2,3),('JOB004','10576','정보보안',1,4),('JOB004','10576','정보통신',2,3),('JOB004','10577','정보보안',2,4),('JOB004','10612','컴퓨터SW',1,3),('JOB004','10615','컴퓨터SW',2,3),('JOB004','10617','미디어SW',2,4),('JOB004','10638','정보보안',1,2),('JOB004','10639','정보보안',1,2),('JOB004','10643','정보보안',2,3),('JOB004','10645','정보보안',2,3),('JOB004','10971','데이터과학부',2,3),('JOB004','10997','데이터과학부',1,2),('JOB004','11226','정보통신학부',1,3),('JOB004','1760','정보통신학부',1,2),('JOB004','1765','미디어SW',2,2),('JOB004','1765','정보보안',2,2),('JOB004','1765','정보통신',2,2),('JOB004','1765','컴퓨터SW',1,2),('JOB004','2048','컴퓨터SW',1,2),('JOB004','2049','정보통신',2,2),('JOB004','2053','정보통신학부',1,2),('JOB004','3098','미디어SW',2,2),('JOB004','3098','컴퓨터SW',2,2),('JOB004','4115','컴퓨터SW',2,3),('JOB004','4663','정보통신',2,3),('JOB004','5778','컴퓨터SW',2,3),('JOB004','6219','정보통신',2,3),('JOB004','6522','컴퓨터SW',1,4),('JOB004','6532','컴퓨터SW',2,4),('JOB004','6533','정보보안',2,2),('JOB004','6533','정보통신',2,2),('JOB004','6993','컴퓨터SW',1,3),('JOB004','6994','미디어SW',1,2),('JOB004','7695','정보통신',2,2),('JOB004','8150','정보통신학과',1,3),('JOB004','8371','정보보안',2,3),('JOB004','8872','컴퓨터SW',1,4),('JOB004','8884','정보통신학부',1,4),('JOB004','8886','정보통신',2,4),('JOB004','8893','정보보안',2,3),('JOB004','8894','미디어SW',2,2),('JOB004','9635','정보보안',2,2),('JOB004','9639','정보보안',2,2),('JOB004','9657','정보보호',1,3),('JOB004','9657','정보통신학과',1,4),('JOB005','10058','정보보안',1,2),('JOB005','10486','정보통신학과',1,3),('JOB005','10487','정보보안',2,4),('JOB005','10488','정보통신학부',1,4),('JOB005','10492','정보통신학부',1,4),('JOB005','10495','정보보안',2,3),('JOB005','10576','정보보안',1,4),('JOB005','10576','정보통신',2,3),('JOB005','10585','정보보안',1,4),('JOB005','10612','컴퓨터SW',1,3),('JOB005','10615','컴퓨터SW',2,3),('JOB005','10640','정보보안',1,3),('JOB005','10643','정보보안',2,3),('JOB005','10645','정보보안',2,3),('JOB005','10997','데이터과학부',1,2),('JOB005','11222','정보통신학부',1,4),('JOB005','11226','정보통신학부',1,3),('JOB005','11398','정보보안',2,2),('JOB005','11437','정보보안',2,4),('JOB005','1762','미디어SW',1,3),('JOB005','1762','정보보안',2,2),('JOB005','1765','미디어SW',2,2),('JOB005','1765','정보보안',2,2),('JOB005','1765','정보통신',2,2),('JOB005','1765','컴퓨터SW',1,2),('JOB005','2053','정보통신학부',1,2),('JOB005','4663','정보통신',2,3),('JOB005','4931','정보통신학과',1,3),('JOB005','5778','컴퓨터SW',2,3),('JOB005','6219','정보통신',2,3),('JOB005','6532','컴퓨터SW',2,4),('JOB005','6533','정보보안',2,2),('JOB005','6533','정보통신',2,2),('JOB005','6993','컴퓨터SW',1,3),('JOB005','7590','데이터과학부',2,2),('JOB005','7695','정보통신',2,2),('JOB005','8150','정보통신학과',1,3),('JOB005','8371','정보보안',2,3),('JOB005','8677','정보보안',1,4),('JOB005','8683','컴퓨터SW',2,2),('JOB005','8886','정보통신',2,4),('JOB005','8893','정보보안',2,3),('JOB005','9635','정보보안',2,2),('JOB005','9639','정보보안',2,2),('JOB005','9642','정보보안',2,4),('JOB005','9657','정보보호',1,3),('JOB005','9657','정보통신학과',1,4),('JOB005','9657','컴퓨터SW',1,2),('JOB006','10058','정보보안',1,2),('JOB006','10487','정보보안',2,4),('JOB006','10488','정보통신학부',1,4),('JOB006','10492','정보통신학부',1,4),('JOB006','10495','정보보안',2,3),('JOB006','10576','정보통신',2,3),('JOB006','10585','정보보안',1,4),('JOB006','10612','컴퓨터SW',1,3),('JOB006','10615','컴퓨터SW',2,3),('JOB006','10640','정보보안',1,3),('JOB006','10643','정보보안',2,3),('JOB006','10645','정보보안',2,3),('JOB006','10990','데이터과학부',2,3),('JOB006','11226','정보통신학부',1,3),('JOB006','11398','정보보안',2,2),('JOB006','11437','정보보안',2,4),('JOB006','1765','미디어SW',2,2),('JOB006','1765','정보보안',2,2),('JOB006','1765','정보통신',2,2),('JOB006','1765','컴퓨터SW',1,2),('JOB006','2048','컴퓨터SW',1,2),('JOB006','2053','정보통신학부',1,2),('JOB006','4663','정보통신',2,3),('JOB006','5778','컴퓨터SW',2,3),('JOB006','6219','정보통신',2,3),('JOB006','6533','정보보안',2,2),('JOB006','6533','정보통신',2,2),('JOB006','7695','정보통신',2,2),('JOB006','8150','정보통신학과',1,3),('JOB006','8371','정보보안',2,3),('JOB006','8384','미디어SW',2,3),('JOB006','8677','정보보안',1,4),('JOB006','8683','컴퓨터SW',2,2),('JOB006','8872','컴퓨터SW',1,4),('JOB006','8884','정보통신학부',1,4),('JOB006','8886','정보통신',2,4),('JOB006','9635','정보보안',2,2),('JOB006','9642','정보보안',2,4),('JOB006','9657','정보보호',1,3),('JOB006','9657','정보통신학과',1,4),('JOB006','9657','컴퓨터SW',1,2),('JOB007','10576','데이터과학부',1,4),('JOB007','10577','데이터과학부',2,4),('JOB007','10954','데이터과학부',1,2),('JOB007','10955','데이터과학부',1,3),('JOB007','10967','데이터과학부',1,1),('JOB007','10989','데이터과학부',2,3),('JOB007','10990','데이터과학부',2,3),('JOB007','10997','데이터과학부',1,2),('JOB007','11009','데이터과학부',1,2),('JOB007','11406','데이터과학부',2,3),('JOB007','11407','정보통신',2,3),('JOB007','11437','정보보안',2,4),('JOB007','11532','데이터과학부',2,3),('JOB007','1762','데이터과학부',1,3),('JOB007','1762','미디어SW',1,3),('JOB007','1762','정보보안',2,2),('JOB007','1762','컴퓨터SW',2,3),('JOB007','4115','컴퓨터SW',2,3),('JOB007','4895','데이터과학부',1,2),('JOB007','4931','미디어SW',1,4),('JOB007','5778','컴퓨터SW',2,3),('JOB007','5949','데이터과학부',1,2),('JOB007','6532','컴퓨터SW',2,4),('JOB007','6993','컴퓨터SW',1,3),('JOB007','7590','데이터과학부',2,2),('JOB007','7806','컴퓨터SW',1,2),('JOB007','8886','정보통신',2,4),('JOB007','8894','데이터과학부',1,4),('JOB007','8894','미디어SW',2,2),('JOB007','8898','미디어SW',2,3),('JOB007','9018','데이터과학부',2,3),('JOB007','9639','정보보안',2,2),('JOB007','9642','정보보안',2,4),('JOB008','10576','데이터과학부',1,4),('JOB008','10577','데이터과학부',2,4),('JOB008','10614','컴퓨터SW',2,3),('JOB008','10953','데이터과학부',2,2),('JOB008','10954','데이터과학부',1,2),('JOB008','10955','데이터과학부',1,3),('JOB008','10967','데이터과학부',1,1),('JOB008','10968','데이터과학부',2,2),('JOB008','10989','데이터과학부',2,3),('JOB008','10997','데이터과학부',1,2),('JOB008','11009','데이터과학부',1,2),('JOB008','11406','데이터과학부',2,3),('JOB008','11407','정보통신',2,3),('JOB008','11473','데이터과학부',1,3),('JOB008','11532','데이터과학부',2,3),('JOB008','1760','데이터과학부',2,2),('JOB008','1762','데이터과학부',1,3),('JOB008','1762','미디어SW',1,3),('JOB008','1762','정보보안',2,2),('JOB008','1762','컴퓨터SW',2,3),('JOB008','3498','컴퓨터SW',1,2),('JOB008','3815','데이터과학부',2,4),('JOB008','4115','컴퓨터SW',2,3),('JOB008','4895','데이터과학부',1,2),('JOB008','4931','미디어SW',1,4),('JOB008','5949','데이터과학부',1,2),('JOB008','6532','컴퓨터SW',2,4),('JOB008','7590','데이터과학부',2,2),('JOB008','7806','컴퓨터SW',1,2),('JOB008','8886','정보통신',2,4),('JOB008','8894','미디어SW',2,2),('JOB008','9018','데이터과학부',2,3),('JOB008','9639','정보보안',2,2),('JOB009','10576','데이터과학부',1,4),('JOB009','10576','정보보안',1,4),('JOB009','10576','정보통신',2,3),('JOB009','10577','데이터과학부',2,4),('JOB009','10577','정보보안',2,4),('JOB009','10614','컴퓨터SW',2,3),('JOB009','10615','컴퓨터SW',2,3),('JOB009','10617','미디어SW',2,4),('JOB009','10954','데이터과학부',1,2),('JOB009','10955','데이터과학부',1,3),('JOB009','10967','데이터과학부',1,1),('JOB009','10970','데이터과학부',1,3),('JOB009','10971','데이터과학부',2,3),('JOB009','10978','데이터과학부',2,3),('JOB009','10989','데이터과학부',2,3),('JOB009','10990','데이터과학부',2,3),('JOB009','10997','데이터과학부',1,2),('JOB009','11009','데이터과학부',1,2),('JOB009','11222','정보통신학부',1,4),('JOB009','11288','데이터과학부',2,2),('JOB009','11406','데이터과학부',2,3),('JOB009','11407','정보통신',2,3),('JOB009','11473','데이터과학부',1,3),('JOB009','11532','데이터과학부',2,3),('JOB009','1760','데이터과학부',2,2),('JOB009','1762','데이터과학부',1,3),('JOB009','1762','정보보안',2,2),('JOB009','1762','컴퓨터SW',2,3),('JOB009','2049','정보통신',2,2),('JOB009','3498','컴퓨터SW',1,2),('JOB009','3815','데이터과학부',2,4),('JOB009','4115','컴퓨터SW',2,3),('JOB009','4895','데이터과학부',1,2),('JOB009','4931','미디어SW',1,4),('JOB009','4931','정보통신학과',1,3),('JOB009','5949','데이터과학부',1,2),('JOB009','6522','컴퓨터SW',1,4),('JOB009','6532','컴퓨터SW',2,4),('JOB009','6993','컴퓨터SW',1,3),('JOB009','7590','데이터과학부',2,2),('JOB009','7806','컴퓨터SW',1,2),('JOB009','8384','미디어SW',2,3),('JOB009','8886','정보통신',2,4),('JOB009','8894','데이터과학부',1,4),('JOB009','8894','미디어SW',2,2),('JOB009','9018','데이터과학부',2,3),('JOB009','9040','컴퓨터SW',1,2),('JOB009','9639','정보보안',2,2),('JOB010','10576','데이터과학부',1,4),('JOB010','10577','데이터과학부',2,4),('JOB010','10577','정보보안',2,4),('JOB010','10953','데이터과학부',2,2),('JOB010','10954','데이터과학부',1,2),('JOB010','10955','데이터과학부',1,3),('JOB010','10967','데이터과학부',1,1),('JOB010','10968','데이터과학부',2,2),('JOB010','10970','데이터과학부',1,3),('JOB010','10971','데이터과학부',2,3),('JOB010','10978','데이터과학부',2,3),('JOB010','10989','데이터과학부',2,3),('JOB010','10997','데이터과학부',1,2),('JOB010','11009','데이터과학부',1,2),('JOB010','11406','데이터과학부',2,3),('JOB010','11407','정보통신',2,3),('JOB010','11473','데이터과학부',1,3),('JOB010','11532','데이터과학부',2,3),('JOB010','1760','데이터과학부',2,2),('JOB010','1762','데이터과학부',1,3),('JOB010','1762','정보보안',2,2),('JOB010','1762','컴퓨터SW',2,3),('JOB010','2049','정보통신',2,2),('JOB010','3498','컴퓨터SW',1,2),('JOB010','3815','데이터과학부',2,4),('JOB010','4115','컴퓨터SW',2,3),('JOB010','4895','데이터과학부',1,2),('JOB010','4931','미디어SW',1,4),('JOB010','5949','데이터과학부',1,2),('JOB010','6532','컴퓨터SW',2,4),('JOB010','7590','데이터과학부',2,2),('JOB010','8384','미디어SW',2,3),('JOB010','8886','정보통신',2,4),('JOB010','8894','데이터과학부',1,4),('JOB010','8894','미디어SW',2,2),('JOB010','9018','데이터과학부',2,3),('JOB010','9040','컴퓨터SW',1,2),('JOB010','9639','정보보안',2,2),('JOB011','10058','정보보안',1,2),('JOB011','10486','정보통신학과',1,3),('JOB011','10487','정보보안',2,4),('JOB011','10495','정보보안',2,3),('JOB011','10576','데이터과학부',1,4),('JOB011','10576','정보통신',2,3),('JOB011','10585','정보보안',1,4),('JOB011','10612','컴퓨터SW',1,3),('JOB011','10614','컴퓨터SW',2,3),('JOB011','10615','컴퓨터SW',2,3),('JOB011','10616','컴퓨터SW',1,4),('JOB011','10640','정보보안',1,3),('JOB011','10643','정보보안',2,3),('JOB011','10645','정보보안',2,3),('JOB011','10955','데이터과학부',1,3),('JOB011','10990','데이터과학부',2,3),('JOB011','10997','데이터과학부',1,2),('JOB011','11009','데이터과학부',1,2),('JOB011','11222','정보통신학부',1,4),('JOB011','11226','정보통신학부',1,3),('JOB011','11398','정보보안',2,2),('JOB011','11437','정보보안',2,4),('JOB011','1762','데이터과학부',1,3),('JOB011','1762','정보보안',2,2),('JOB011','1762','컴퓨터SW',2,3),('JOB011','1765','미디어SW',2,2),('JOB011','1765','정보보안',2,2),('JOB011','1765','정보통신',2,2),('JOB011','1765','컴퓨터SW',1,2),('JOB011','4663','정보통신',2,3),('JOB011','4931','미디어SW',1,4),('JOB011','4931','정보통신학과',1,3),('JOB011','5778','컴퓨터SW',2,3),('JOB011','6522','컴퓨터SW',1,4),('JOB011','6532','컴퓨터SW',2,4),('JOB011','6533','정보보안',2,2),('JOB011','6533','정보통신',2,2),('JOB011','6993','컴퓨터SW',1,3),('JOB011','8371','정보보안',2,3),('JOB011','8677','정보보안',1,4),('JOB011','8683','컴퓨터SW',2,2),('JOB011','8872','컴퓨터SW',1,4),('JOB011','8884','정보통신학부',1,4),('JOB011','8886','정보통신',2,4),('JOB011','8893','미디어SW',1,2),('JOB011','8893','정보보안',2,3),('JOB011','8894','데이터과학부',1,4),('JOB011','8898','미디어SW',2,3),('JOB011','9635','정보보안',2,2),('JOB011','9642','정보보안',2,4),('JOB011','9657','정보통신학과',1,4),('JOB011','9657','컴퓨터SW',1,2),('JOB012','10470','정보통신학과',1,3),('JOB012','10576','정보통신',2,3),('JOB012','10577','정보보안',2,4),('JOB012','10614','컴퓨터SW',2,3),('JOB012','10615','컴퓨터SW',2,3),('JOB012','10616','컴퓨터SW',1,4),('JOB012','10617','미디어SW',2,4),('JOB012','10639','정보보안',1,2),('JOB012','11402','미디어SW',2,4),('JOB012','11407','정보통신',2,3),('JOB012','191','미디어SW',1,2),('JOB012','191','컴퓨터SW',1,3),('JOB012','2049','정보통신',2,2),('JOB012','2239','미디어SW',1,2),('JOB012','3098','미디어SW',2,2),('JOB012','3098','컴퓨터SW',2,2),('JOB012','4686','미디어SW',1,2),('JOB012','4931','미디어SW',1,4),('JOB012','6532','컴퓨터SW',2,4),('JOB012','6544','미디어SW',1,2),('JOB012','6993','컴퓨터SW',1,3),('JOB012','6994','미디어SW',1,2),('JOB012','7892','정보통신',2,4),('JOB012','8389','미디어SW',2,3),('JOB012','8866','컴퓨터SW',2,4),('JOB012','8884','정보통신학부',1,4),('JOB012','8886','정보통신',2,4),('JOB012','8893','미디어SW',1,2),('JOB012','8893','정보보안',2,3),('JOB012','8898','미디어SW',2,3),('JOB012','9639','정보보안',2,2),('JOB012','9643','정보보호',1,3),('JOB013','10614','컴퓨터SW',2,3),('JOB013','10616','컴퓨터SW',1,4),('JOB013','10617','미디어SW',2,4),('JOB013','11402','미디어SW',2,4),('JOB013','2239','미디어SW',1,2),('JOB013','4686','미디어SW',1,2),('JOB013','6544','미디어SW',1,2),('JOB013','7892','미디어SW',1,3),('JOB013','7892','정보통신',2,4),('JOB013','8389','미디어SW',2,3),('JOB013','8866','컴퓨터SW',2,4),('JOB013','8886','정보통신',2,4),('JOB013','9040','컴퓨터SW',1,2);
/*!40000 ALTER TABLE `job_subject_mapping` ENABLE KEYS */;
UNLOCK TABLES;

--
-- Table structure for table `semester`
--

DROP TABLE IF EXISTS `semester`;
/*!40101 SET @saved_cs_client     = @@character_set_client */;
/*!50503 SET character_set_client = utf8mb4 */;
CREATE TABLE `semester` (
  `semester_id` int NOT NULL,
  `semester_name` varchar(20) NOT NULL,
  PRIMARY KEY (`semester_id`)
) ENGINE=InnoDB DEFAULT CHARSET=utf8mb4 COLLATE=utf8mb4_0900_ai_ci;
/*!40101 SET character_set_client = @saved_cs_client */;

--
-- Dumping data for table `semester`
--

LOCK TABLES `semester` WRITE;
/*!40000 ALTER TABLE `semester` DISABLE KEYS */;
INSERT INTO `semester` VALUES (1,'1학기'),(2,'2학기');
/*!40000 ALTER TABLE `semester` ENABLE KEYS */;
UNLOCK TABLES;

--
-- Table structure for table `subject`
--

DROP TABLE IF EXISTS `subject`;
/*!40101 SET @saved_cs_client     = @@character_set_client */;
/*!50503 SET character_set_client = utf8mb4 */;
CREATE TABLE `subject` (
  `subject_id` varchar(10) NOT NULL,
  `subject_name` varchar(100) DEFAULT NULL,
  `department` varchar(100) NOT NULL,
  `credit` int DEFAULT NULL,
  `semester_id` int DEFAULT NULL,
  `grade` int DEFAULT NULL,
  PRIMARY KEY (`subject_id`,`department`),
  KEY `fk_subject_semester` (`semester_id`),
  CONSTRAINT `fk_subject_semester` FOREIGN KEY (`semester_id`) REFERENCES `semester` (`semester_id`)
) ENGINE=InnoDB DEFAULT CHARSET=utf8mb4 COLLATE=utf8mb4_0900_ai_ci;
/*!40101 SET character_set_client = @saved_cs_client */;

--
-- Dumping data for table `subject`
--

LOCK TABLES `subject` WRITE;
/*!40000 ALTER TABLE `subject` DISABLE KEYS */;
INSERT INTO `subject` VALUES ('10058','리눅스기초','정보보안',3,1,2),('10470','자바프로그래밍','정보통신학과',3,1,3),('10486','데이터베이스설계및관리','정보통신학과',3,1,3),('10487','침해사고대응','정보보안',3,2,4),('10488','악성코드분석','정보통신학부',3,1,4),('10492','디지털포렌식스','정보통신학부',3,1,4),('10495','인터넷보안프로젝트','정보보안',3,2,3),('10576','캡스톤디자인1','데이터과학부',3,1,4),('10576','캡스톤디자인1','정보보안',3,1,4),('10576','캡스톤디자인1','정보통신',3,2,3),('10577','캡스톤디자인2','데이터과학부',3,2,4),('10577','캡스톤디자인2','정보보안',3,2,4),('10585','네트워크프로그래밍','정보보안',3,1,4),('10612','임베디드소프트웨어실습','컴퓨터SW',3,1,3),('10614','창업실무','컴퓨터SW',3,2,3),('10615','IOT 설계실습','컴퓨터SW',3,2,3),('10616','캡스톤설계1','컴퓨터SW',3,1,4),('10617','캡스톤설계2','미디어SW',3,2,4),('10638','C++','정보보안',3,1,2),('10639','자바','정보보안',3,1,2),('10640','정보보안관리1','정보보안',3,1,3),('10643','정보보안관리2','정보보안',3,2,3),('10645','시스템보안프로젝트','정보보안',3,2,3),('10953','R데이터분석','데이터과학부',3,2,2),('10954','R언어','데이터과학부',3,1,2),('10955','공공데이터분석','데이터과학부',3,1,3),('10967','데이터사이언스입문','데이터과학부',3,1,1),('10968','데이터시각화','데이터과학부',3,2,2),('10970','딥러닝응용1','데이터과학부',3,1,3),('10971','딥러닝응용2','데이터과학부',3,2,3),('10978','머신러닝2','데이터과학부',3,2,3),('10989','빅데이터분석','데이터과학부',3,2,3),('10990','빅데이터플랫폼','데이터과학부',3,2,3),('10997','웹크롤자료분석','데이터과학부',3,1,2),('11009','파이썬데이터분석','데이터과학부',3,1,2),('11222','AI보안','정보통신학부',3,1,4),('11226','IoT시스템응용및프로그래밍','정보통신학부',3,1,3),('11288','딥러닝2','데이터과학부',3,2,2),('11398','웹보안','정보보안',3,2,2),('11402','융합소프트웨어','미디어SW',3,2,4),('11406','응용통계','데이터과학부',3,2,3),('11407','인공지능설계및실습','정보통신',3,2,3),('11437','클라우드보안','정보보안',3,2,4),('11473','회귀분석','데이터과학부',3,1,3),('11532','라이프케어빅데이터분석','데이터과학부',3,2,3),('1760','데이터구조','데이터과학부',3,2,2),('1760','데이터구조','정보통신학부',3,1,2),('1762','데이터베이스','데이터과학부',3,1,3),('1762','데이터베이스','미디어SW',3,1,3),('1762','데이터베이스','정보보안',3,2,2),('1762','데이터베이스','컴퓨터SW',3,2,3),('1765','데이터통신','미디어SW',3,2,2),('1765','데이터통신','정보보안',3,2,2),('1765','데이터통신','정보통신',3,2,2),('1765','데이터통신','컴퓨터SW',3,1,2),('191','JAVA','미디어SW',3,1,3),('191','JAVA','컴퓨터SW',3,1,3),('2048','디지털시스템응용및실습','컴퓨터SW',3,1,2),('2049','디지털신호처리','정보통신',3,2,2),('2053','디지털논리설계','정보통신학부',3,1,2),('2239','멀티미디어시스템','미디어SW',3,1,2),('3098','비주얼언어및실습','미디어SW',3,2,2),('3098','비주얼언어및실습','컴퓨터SW',3,2,2),('3498','선형대수학','컴퓨터SW',3,1,2),('3650','소프트웨어공학','미디어SW',3,1,3),('3650','소프트웨어공학','컴퓨터SW',3,1,3),('3815','시계열분석','데이터과학부',3,2,4),('4115','알고리즘분석','컴퓨터SW',3,2,3),('4663','운영체제론','정보통신',3,2,3),('4686','웹디자인','미디어SW',3,1,2),('4895','이산구조론','데이터과학부',3,1,2),('4931','인공지능','미디어SW',3,1,4),('4931','인공지능','정보통신학과',3,1,3),('5778','정보처리기술','컴퓨터SW',3,2,3),('5949','조사방법론','데이터과학부',3,1,2),('6219','집적회로','정보통신',3,2,3),('6522','컴파일러구성','컴퓨터SW',3,1,4),('6532','컴퓨터과학특강','컴퓨터SW',3,2,4),('6533','컴퓨터구조','정보보안',3,2,2),('6533','컴퓨터구조','정보통신',3,2,2),('6544','컴퓨터그래픽스','미디어SW',3,1,2),('6993','프로그래밍언어론','컴퓨터SW',3,1,3),('6994','프로그래밍언어및실습','미디어SW',3,1,2),('7590','확률론','데이터과학부',3,2,2),('7695','회로및시스템','정보통신',3,2,2),('7806','확률과통계','컴퓨터SW',3,1,2),('7892','웹프로그래밍','미디어SW',3,1,3),('7892','웹프로그래밍','정보통신',3,2,4),('7892','웹프로그래밍','정보통신학부',3,1,4),('8150','마이크로컴퓨터실험','정보통신학과',3,1,3),('8371','시스템보안','정보보안',3,2,3),('8384','디지털신호및사운드처리','미디어SW',3,2,3),('8389','컨텐츠제작프로젝트','미디어SW',3,2,3),('8677','네트워크보안','정보보안',3,1,4),('8683','리눅스시스템','컴퓨터SW',3,2,2),('8866','자유전공','컴퓨터SW',3,2,4),('8872','네트워크컴퓨팅','컴퓨터SW',3,1,4),('8884','창의적공학설계1','정보통신학부',3,1,4),('8886','창의적공학설계2','정보통신',3,2,4),('8893','소프트웨어설계','미디어SW',3,1,2),('8893','소프트웨어설계','정보보안',3,2,3),('8894','알고리즘','데이터과학부',3,1,4),('8894','알고리즘','미디어SW',3,2,2),('8898','웹정보시스템','미디어SW',3,2,3),('9018','베이지안통계','데이터과학부',3,2,3),('9040','디지털영상처리','컴퓨터SW',3,2,2),('9635','현대암호응용','정보보안',3,2,2),('9639','고급자바프로그래밍','정보보안',3,2,2),('9642','데이터베이스보안','정보보안',3,2,4),('9643','모바일프로그래밍','정보보호',3,1,3),('9657','시스템프로그래밍','정보보호',3,1,3),('9657','시스템프로그래밍','정보통신학과',3,1,4),('9657','시스템프로그래밍','컴퓨터SW',3,1,2);
/*!40000 ALTER TABLE `subject` ENABLE KEYS */;
UNLOCK TABLES;
/*!40103 SET TIME_ZONE=@OLD_TIME_ZONE */;

/*!40101 SET SQL_MODE=@OLD_SQL_MODE */;
/*!40014 SET FOREIGN_KEY_CHECKS=@OLD_FOREIGN_KEY_CHECKS */;
/*!40014 SET UNIQUE_CHECKS=@OLD_UNIQUE_CHECKS */;
/*!40101 SET CHARACTER_SET_CLIENT=@OLD_CHARACTER_SET_CLIENT */;
/*!40101 SET CHARACTER_SET_RESULTS=@OLD_CHARACTER_SET_RESULTS */;
/*!40101 SET COLLATION_CONNECTION=@OLD_COLLATION_CONNECTION */;
/*!40111 SET SQL_NOTES=@OLD_SQL_NOTES */;

-- Dump completed on 2025-04-09 16:54:18
